cifar2020,./benchmarks/cifar2020/onnx/cifar10_2_255_simplified.onnx,./benchmarks/cifar2020/vnnlib/cifar10_spec_idx_0_eps_0.00784_n1.vnnlib,.003326303,prepare_instance_error_1,-1
cifar2020,./benchmarks/cifar2020/onnx/cifar10_2_255_simplified.onnx,./benchmarks/cifar2020/vnnlib/cifar10_spec_idx_1_eps_0.00784_n1.vnnlib,.003094353,prepare_instance_error_1,-1
cifar2020,./benchmarks/cifar2020/onnx/cifar10_2_255_simplified.onnx,./benchmarks/cifar2020/vnnlib/cifar10_spec_idx_2_eps_0.00784_n1.vnnlib,.003025465,prepare_instance_error_1,-1
cifar2020,./benchmarks/cifar2020/onnx/cifar10_2_255_simplified.onnx,./benchmarks/cifar2020/vnnlib/cifar10_spec_idx_3_eps_0.00784_n1.vnnlib,.002976898,prepare_instance_error_1,-1
cifar2020,./benchmarks/cifar2020/onnx/cifar10_2_255_simplified.onnx,./benchmarks/cifar2020/vnnlib/cifar10_spec_idx_4_eps_0.00784_n1.vnnlib,.003174354,prepare_instance_error_1,-1
cifar2020,./benchmarks/cifar2020/onnx/cifar10_2_255_simplified.onnx,./benchmarks/cifar2020/vnnlib/cifar10_spec_idx_5_eps_0.00784_n1.vnnlib,.003160183,prepare_instance_error_1,-1
cifar2020,./benchmarks/cifar2020/onnx/cifar10_2_255_simplified.onnx,./benchmarks/cifar2020/vnnlib/cifar10_spec_idx_6_eps_0.00784_n1.vnnlib,.003084610,prepare_instance_error_1,-1
cifar2020,./benchmarks/cifar2020/onnx/cifar10_2_255_simplified.onnx,./benchmarks/cifar2020/vnnlib/cifar10_spec_idx_8_eps_0.00784_n1.vnnlib,.003024892,prepare_instance_error_1,-1
cifar2020,./benchmarks/cifar2020/onnx/cifar10_2_255_simplified.onnx,./benchmarks/cifar2020/vnnlib/cifar10_spec_idx_9_eps_0.00784_n1.vnnlib,.003375672,prepare_instance_error_1,-1
cifar2020,./benchmarks/cifar2020/onnx/cifar10_2_255_simplified.onnx,./benchmarks/cifar2020/vnnlib/cifar10_spec_idx_10_eps_0.00784_n1.vnnlib,.003116470,prepare_instance_error_1,-1
cifar2020,./benchmarks/cifar2020/onnx/cifar10_2_255_simplified.onnx,./benchmarks/cifar2020/vnnlib/cifar10_spec_idx_11_eps_0.00784_n1.vnnlib,.003134831,prepare_instance_error_1,-1
cifar2020,./benchmarks/cifar2020/onnx/cifar10_2_255_simplified.onnx,./benchmarks/cifar2020/vnnlib/cifar10_spec_idx_12_eps_0.00784_n1.vnnlib,.003086770,prepare_instance_error_1,-1
cifar2020,./benchmarks/cifar2020/onnx/cifar10_2_255_simplified.onnx,./benchmarks/cifar2020/vnnlib/cifar10_spec_idx_13_eps_0.00784_n1.vnnlib,.003141908,prepare_instance_error_1,-1
cifar2020,./benchmarks/cifar2020/onnx/cifar10_2_255_simplified.onnx,./benchmarks/cifar2020/vnnlib/cifar10_spec_idx_14_eps_0.00784_n1.vnnlib,.003208879,prepare_instance_error_1,-1
cifar2020,./benchmarks/cifar2020/onnx/cifar10_2_255_simplified.onnx,./benchmarks/cifar2020/vnnlib/cifar10_spec_idx_15_eps_0.00784_n1.vnnlib,.006002913,prepare_instance_error_1,-1
cifar2020,./benchmarks/cifar2020/onnx/cifar10_2_255_simplified.onnx,./benchmarks/cifar2020/vnnlib/cifar10_spec_idx_16_eps_0.00784_n1.vnnlib,.003607095,prepare_instance_error_1,-1
cifar2020,./benchmarks/cifar2020/onnx/cifar10_2_255_simplified.onnx,./benchmarks/cifar2020/vnnlib/cifar10_spec_idx_17_eps_0.00784_n1.vnnlib,.003302996,prepare_instance_error_1,-1
cifar2020,./benchmarks/cifar2020/onnx/cifar10_2_255_simplified.onnx,./benchmarks/cifar2020/vnnlib/cifar10_spec_idx_18_eps_0.00784_n1.vnnlib,.003423540,prepare_instance_error_1,-1
cifar2020,./benchmarks/cifar2020/onnx/cifar10_2_255_simplified.onnx,./benchmarks/cifar2020/vnnlib/cifar10_spec_idx_19_eps_0.00784_n1.vnnlib,.003003737,prepare_instance_error_1,-1
cifar2020,./benchmarks/cifar2020/onnx/cifar10_2_255_simplified.onnx,./benchmarks/cifar2020/vnnlib/cifar10_spec_idx_20_eps_0.00784_n1.vnnlib,.002988105,prepare_instance_error_1,-1
cifar2020,./benchmarks/cifar2020/onnx/cifar10_2_255_simplified.onnx,./benchmarks/cifar2020/vnnlib/cifar10_spec_idx_21_eps_0.00784_n1.vnnlib,.003013969,prepare_instance_error_1,-1
cifar2020,./benchmarks/cifar2020/onnx/cifar10_2_255_simplified.onnx,./benchmarks/cifar2020/vnnlib/cifar10_spec_idx_23_eps_0.00784_n1.vnnlib,.003064454,prepare_instance_error_1,-1
cifar2020,./benchmarks/cifar2020/onnx/cifar10_2_255_simplified.onnx,./benchmarks/cifar2020/vnnlib/cifar10_spec_idx_25_eps_0.00784_n1.vnnlib,.003078979,prepare_instance_error_1,-1
cifar2020,./benchmarks/cifar2020/onnx/cifar10_2_255_simplified.onnx,./benchmarks/cifar2020/vnnlib/cifar10_spec_idx_26_eps_0.00784_n1.vnnlib,.002997251,prepare_instance_error_1,-1
cifar2020,./benchmarks/cifar2020/onnx/cifar10_2_255_simplified.onnx,./benchmarks/cifar2020/vnnlib/cifar10_spec_idx_27_eps_0.00784_n1.vnnlib,.003264802,prepare_instance_error_1,-1
cifar2020,./benchmarks/cifar2020/onnx/cifar10_2_255_simplified.onnx,./benchmarks/cifar2020/vnnlib/cifar10_spec_idx_28_eps_0.00784_n1.vnnlib,.003219879,prepare_instance_error_1,-1
cifar2020,./benchmarks/cifar2020/onnx/cifar10_2_255_simplified.onnx,./benchmarks/cifar2020/vnnlib/cifar10_spec_idx_29_eps_0.00784_n1.vnnlib,.003224680,prepare_instance_error_1,-1
cifar2020,./benchmarks/cifar2020/onnx/cifar10_2_255_simplified.onnx,./benchmarks/cifar2020/vnnlib/cifar10_spec_idx_30_eps_0.00784_n1.vnnlib,.003171462,prepare_instance_error_1,-1
cifar2020,./benchmarks/cifar2020/onnx/cifar10_2_255_simplified.onnx,./benchmarks/cifar2020/vnnlib/cifar10_spec_idx_31_eps_0.00784_n1.vnnlib,.003318877,prepare_instance_error_1,-1
cifar2020,./benchmarks/cifar2020/onnx/cifar10_2_255_simplified.onnx,./benchmarks/cifar2020/vnnlib/cifar10_spec_idx_32_eps_0.00784_n1.vnnlib,.003336681,prepare_instance_error_1,-1
cifar2020,./benchmarks/cifar2020/onnx/cifar10_2_255_simplified.onnx,./benchmarks/cifar2020/vnnlib/cifar10_spec_idx_33_eps_0.00784_n1.vnnlib,.003284344,prepare_instance_error_1,-1
cifar2020,./benchmarks/cifar2020/onnx/cifar10_2_255_simplified.onnx,./benchmarks/cifar2020/vnnlib/cifar10_spec_idx_34_eps_0.00784_n1.vnnlib,.003006403,prepare_instance_error_1,-1
cifar2020,./benchmarks/cifar2020/onnx/cifar10_2_255_simplified.onnx,./benchmarks/cifar2020/vnnlib/cifar10_spec_idx_36_eps_0.00784_n1.vnnlib,.003180694,prepare_instance_error_1,-1
cifar2020,./benchmarks/cifar2020/onnx/cifar10_2_255_simplified.onnx,./benchmarks/cifar2020/vnnlib/cifar10_spec_idx_37_eps_0.00784_n1.vnnlib,.003395368,prepare_instance_error_1,-1
cifar2020,./benchmarks/cifar2020/onnx/cifar10_2_255_simplified.onnx,./benchmarks/cifar2020/vnnlib/cifar10_spec_idx_38_eps_0.00784_n1.vnnlib,.003056181,prepare_instance_error_1,-1
cifar2020,./benchmarks/cifar2020/onnx/cifar10_2_255_simplified.onnx,./benchmarks/cifar2020/vnnlib/cifar10_spec_idx_39_eps_0.00784_n1.vnnlib,.003105207,prepare_instance_error_1,-1
cifar2020,./benchmarks/cifar2020/onnx/cifar10_2_255_simplified.onnx,./benchmarks/cifar2020/vnnlib/cifar10_spec_idx_40_eps_0.00784_n1.vnnlib,.003187088,prepare_instance_error_1,-1
cifar2020,./benchmarks/cifar2020/onnx/cifar10_2_255_simplified.onnx,./benchmarks/cifar2020/vnnlib/cifar10_spec_idx_41_eps_0.00784_n1.vnnlib,.003080458,prepare_instance_error_1,-1
cifar2020,./benchmarks/cifar2020/onnx/cifar10_2_255_simplified.onnx,./benchmarks/cifar2020/vnnlib/cifar10_spec_idx_42_eps_0.00784_n1.vnnlib,.003111626,prepare_instance_error_1,-1
cifar2020,./benchmarks/cifar2020/onnx/cifar10_2_255_simplified.onnx,./benchmarks/cifar2020/vnnlib/cifar10_spec_idx_43_eps_0.00784_n1.vnnlib,.003060301,prepare_instance_error_1,-1
cifar2020,./benchmarks/cifar2020/onnx/cifar10_2_255_simplified.onnx,./benchmarks/cifar2020/vnnlib/cifar10_spec_idx_44_eps_0.00784_n1.vnnlib,.003107345,prepare_instance_error_1,-1
cifar2020,./benchmarks/cifar2020/onnx/cifar10_2_255_simplified.onnx,./benchmarks/cifar2020/vnnlib/cifar10_spec_idx_45_eps_0.00784_n1.vnnlib,.003135738,prepare_instance_error_1,-1
cifar2020,./benchmarks/cifar2020/onnx/cifar10_2_255_simplified.onnx,./benchmarks/cifar2020/vnnlib/cifar10_spec_idx_46_eps_0.00784_n1.vnnlib,.003329022,prepare_instance_error_1,-1
cifar2020,./benchmarks/cifar2020/onnx/cifar10_2_255_simplified.onnx,./benchmarks/cifar2020/vnnlib/cifar10_spec_idx_48_eps_0.00784_n1.vnnlib,.003153269,prepare_instance_error_1,-1
cifar2020,./benchmarks/cifar2020/onnx/cifar10_2_255_simplified.onnx,./benchmarks/cifar2020/vnnlib/cifar10_spec_idx_50_eps_0.00784_n1.vnnlib,.003035484,prepare_instance_error_1,-1
cifar2020,./benchmarks/cifar2020/onnx/cifar10_2_255_simplified.onnx,./benchmarks/cifar2020/vnnlib/cifar10_spec_idx_51_eps_0.00784_n1.vnnlib,.003223465,prepare_instance_error_1,-1
cifar2020,./benchmarks/cifar2020/onnx/cifar10_2_255_simplified.onnx,./benchmarks/cifar2020/vnnlib/cifar10_spec_idx_53_eps_0.00784_n1.vnnlib,.003038900,prepare_instance_error_1,-1
cifar2020,./benchmarks/cifar2020/onnx/cifar10_2_255_simplified.onnx,./benchmarks/cifar2020/vnnlib/cifar10_spec_idx_54_eps_0.00784_n1.vnnlib,.003086621,prepare_instance_error_1,-1
cifar2020,./benchmarks/cifar2020/onnx/cifar10_2_255_simplified.onnx,./benchmarks/cifar2020/vnnlib/cifar10_spec_idx_55_eps_0.00784_n1.vnnlib,.002980431,prepare_instance_error_1,-1
cifar2020,./benchmarks/cifar2020/onnx/cifar10_2_255_simplified.onnx,./benchmarks/cifar2020/vnnlib/cifar10_spec_idx_60_eps_0.00784_n1.vnnlib,.003092660,prepare_instance_error_1,-1
cifar2020,./benchmarks/cifar2020/onnx/cifar10_2_255_simplified.onnx,./benchmarks/cifar2020/vnnlib/cifar10_spec_idx_62_eps_0.00784_n1.vnnlib,.003159816,prepare_instance_error_1,-1
cifar2020,./benchmarks/cifar2020/onnx/cifar10_2_255_simplified.onnx,./benchmarks/cifar2020/vnnlib/cifar10_spec_idx_64_eps_0.00784_n1.vnnlib,.003037622,prepare_instance_error_1,-1
cifar2020,./benchmarks/cifar2020/onnx/cifar10_2_255_simplified.onnx,./benchmarks/cifar2020/vnnlib/cifar10_spec_idx_65_eps_0.00784_n1.vnnlib,.003004122,prepare_instance_error_1,-1
cifar2020,./benchmarks/cifar2020/onnx/cifar10_2_255_simplified.onnx,./benchmarks/cifar2020/vnnlib/cifar10_spec_idx_66_eps_0.00784_n1.vnnlib,.003100476,prepare_instance_error_1,-1
cifar2020,./benchmarks/cifar2020/onnx/cifar10_2_255_simplified.onnx,./benchmarks/cifar2020/vnnlib/cifar10_spec_idx_67_eps_0.00784_n1.vnnlib,.003044254,prepare_instance_error_1,-1
cifar2020,./benchmarks/cifar2020/onnx/cifar10_2_255_simplified.onnx,./benchmarks/cifar2020/vnnlib/cifar10_spec_idx_68_eps_0.00784_n1.vnnlib,.003156765,prepare_instance_error_1,-1
cifar2020,./benchmarks/cifar2020/onnx/cifar10_2_255_simplified.onnx,./benchmarks/cifar2020/vnnlib/cifar10_spec_idx_71_eps_0.00784_n1.vnnlib,.003029574,prepare_instance_error_1,-1
cifar2020,./benchmarks/cifar2020/onnx/cifar10_2_255_simplified.onnx,./benchmarks/cifar2020/vnnlib/cifar10_spec_idx_72_eps_0.00784_n1.vnnlib,.003140956,prepare_instance_error_1,-1
cifar2020,./benchmarks/cifar2020/onnx/cifar10_2_255_simplified.onnx,./benchmarks/cifar2020/vnnlib/cifar10_spec_idx_73_eps_0.00784_n1.vnnlib,.003090530,prepare_instance_error_1,-1
cifar2020,./benchmarks/cifar2020/onnx/cifar10_2_255_simplified.onnx,./benchmarks/cifar2020/vnnlib/cifar10_spec_idx_74_eps_0.00784_n1.vnnlib,.003062209,prepare_instance_error_1,-1
cifar2020,./benchmarks/cifar2020/onnx/cifar10_2_255_simplified.onnx,./benchmarks/cifar2020/vnnlib/cifar10_spec_idx_75_eps_0.00784_n1.vnnlib,.003178489,prepare_instance_error_1,-1
cifar2020,./benchmarks/cifar2020/onnx/cifar10_2_255_simplified.onnx,./benchmarks/cifar2020/vnnlib/cifar10_spec_idx_76_eps_0.00784_n1.vnnlib,.003138848,prepare_instance_error_1,-1
cifar2020,./benchmarks/cifar2020/onnx/cifar10_2_255_simplified.onnx,./benchmarks/cifar2020/vnnlib/cifar10_spec_idx_77_eps_0.00784_n1.vnnlib,.003034339,prepare_instance_error_1,-1
cifar2020,./benchmarks/cifar2020/onnx/cifar10_2_255_simplified.onnx,./benchmarks/cifar2020/vnnlib/cifar10_spec_idx_78_eps_0.00784_n1.vnnlib,.003082108,prepare_instance_error_1,-1
cifar2020,./benchmarks/cifar2020/onnx/cifar10_2_255_simplified.onnx,./benchmarks/cifar2020/vnnlib/cifar10_spec_idx_79_eps_0.00784_n1.vnnlib,.003015367,prepare_instance_error_1,-1
cifar2020,./benchmarks/cifar2020/onnx/cifar10_2_255_simplified.onnx,./benchmarks/cifar2020/vnnlib/cifar10_spec_idx_80_eps_0.00784_n1.vnnlib,.003081641,prepare_instance_error_1,-1
cifar2020,./benchmarks/cifar2020/onnx/cifar10_2_255_simplified.onnx,./benchmarks/cifar2020/vnnlib/cifar10_spec_idx_81_eps_0.00784_n1.vnnlib,.003226805,prepare_instance_error_1,-1
cifar2020,./benchmarks/cifar2020/onnx/cifar10_2_255_simplified.onnx,./benchmarks/cifar2020/vnnlib/cifar10_spec_idx_82_eps_0.00784_n1.vnnlib,.003032450,prepare_instance_error_1,-1
cifar2020,./benchmarks/cifar2020/onnx/cifar10_2_255_simplified.onnx,./benchmarks/cifar2020/vnnlib/cifar10_spec_idx_83_eps_0.00784_n1.vnnlib,.003067100,prepare_instance_error_1,-1
cifar2020,./benchmarks/cifar2020/onnx/cifar10_2_255_simplified.onnx,./benchmarks/cifar2020/vnnlib/cifar10_spec_idx_84_eps_0.00784_n1.vnnlib,.003039148,prepare_instance_error_1,-1
cifar2020,./benchmarks/cifar2020/onnx/cifar10_2_255_simplified.onnx,./benchmarks/cifar2020/vnnlib/cifar10_spec_idx_86_eps_0.00784_n1.vnnlib,.003101832,prepare_instance_error_1,-1
cifar2020,./benchmarks/cifar2020/onnx/cifar10_2_255_simplified.onnx,./benchmarks/cifar2020/vnnlib/cifar10_spec_idx_88_eps_0.00784_n1.vnnlib,.003087161,prepare_instance_error_1,-1
cifar2020,./benchmarks/cifar2020/onnx/cifar10_2_255_simplified.onnx,./benchmarks/cifar2020/vnnlib/cifar10_spec_idx_89_eps_0.00784_n1.vnnlib,.003004734,prepare_instance_error_1,-1
cifar2020,./benchmarks/cifar2020/onnx/cifar10_2_255_simplified.onnx,./benchmarks/cifar2020/vnnlib/cifar10_spec_idx_90_eps_0.00784_n1.vnnlib,.002945116,prepare_instance_error_1,-1
cifar2020,./benchmarks/cifar2020/onnx/cifar10_2_255_simplified.onnx,./benchmarks/cifar2020/vnnlib/cifar10_spec_idx_92_eps_0.00784_n1.vnnlib,.003112604,prepare_instance_error_1,-1
cifar2020,./benchmarks/cifar2020/onnx/cifar10_2_255_simplified.onnx,./benchmarks/cifar2020/vnnlib/cifar10_spec_idx_93_eps_0.00784_n1.vnnlib,.003007126,prepare_instance_error_1,-1
cifar2020,./benchmarks/cifar2020/onnx/cifar10_2_255_simplified.onnx,./benchmarks/cifar2020/vnnlib/cifar10_spec_idx_94_eps_0.00784_n1.vnnlib,.002984412,prepare_instance_error_1,-1
cifar2020,./benchmarks/cifar2020/onnx/cifar10_2_255_simplified.onnx,./benchmarks/cifar2020/vnnlib/cifar10_spec_idx_95_eps_0.00784_n1.vnnlib,.003040896,prepare_instance_error_1,-1
cifar2020,./benchmarks/cifar2020/onnx/cifar10_2_255_simplified.onnx,./benchmarks/cifar2020/vnnlib/cifar10_spec_idx_96_eps_0.00784_n1.vnnlib,.003015375,prepare_instance_error_1,-1
cifar2020,./benchmarks/cifar2020/onnx/cifar10_2_255_simplified.onnx,./benchmarks/cifar2020/vnnlib/cifar10_spec_idx_97_eps_0.00784_n1.vnnlib,.002998521,prepare_instance_error_1,-1
cifar2020,./benchmarks/cifar2020/onnx/cifar10_2_255_simplified.onnx,./benchmarks/cifar2020/vnnlib/cifar10_spec_idx_98_eps_0.00784_n1.vnnlib,.003029835,prepare_instance_error_1,-1
cifar2020,./benchmarks/cifar2020/onnx/cifar10_2_255_simplified.onnx,./benchmarks/cifar2020/vnnlib/cifar10_spec_idx_99_eps_0.00784_n1.vnnlib,.002995832,prepare_instance_error_1,-1
cifar2020,./benchmarks/cifar2020/onnx/cifar10_8_255_simplified.onnx,./benchmarks/cifar2020/vnnlib/cifar10_spec_idx_1_eps_0.03137_n1.vnnlib,.002971040,prepare_instance_error_1,-1
cifar2020,./benchmarks/cifar2020/onnx/cifar10_8_255_simplified.onnx,./benchmarks/cifar2020/vnnlib/cifar10_spec_idx_2_eps_0.03137_n1.vnnlib,.002949686,prepare_instance_error_1,-1
cifar2020,./benchmarks/cifar2020/onnx/cifar10_8_255_simplified.onnx,./benchmarks/cifar2020/vnnlib/cifar10_spec_idx_4_eps_0.03137_n1.vnnlib,.003059492,prepare_instance_error_1,-1
cifar2020,./benchmarks/cifar2020/onnx/cifar10_8_255_simplified.onnx,./benchmarks/cifar2020/vnnlib/cifar10_spec_idx_5_eps_0.03137_n1.vnnlib,.002993991,prepare_instance_error_1,-1
cifar2020,./benchmarks/cifar2020/onnx/cifar10_8_255_simplified.onnx,./benchmarks/cifar2020/vnnlib/cifar10_spec_idx_9_eps_0.03137_n1.vnnlib,.003018636,prepare_instance_error_1,-1
cifar2020,./benchmarks/cifar2020/onnx/cifar10_8_255_simplified.onnx,./benchmarks/cifar2020/vnnlib/cifar10_spec_idx_10_eps_0.03137_n1.vnnlib,.003091159,prepare_instance_error_1,-1
cifar2020,./benchmarks/cifar2020/onnx/cifar10_8_255_simplified.onnx,./benchmarks/cifar2020/vnnlib/cifar10_spec_idx_11_eps_0.03137_n1.vnnlib,.003110313,prepare_instance_error_1,-1
cifar2020,./benchmarks/cifar2020/onnx/cifar10_8_255_simplified.onnx,./benchmarks/cifar2020/vnnlib/cifar10_spec_idx_13_eps_0.03137_n1.vnnlib,.003066561,prepare_instance_error_1,-1
cifar2020,./benchmarks/cifar2020/onnx/cifar10_8_255_simplified.onnx,./benchmarks/cifar2020/vnnlib/cifar10_spec_idx_14_eps_0.03137_n1.vnnlib,.002999581,prepare_instance_error_1,-1
cifar2020,./benchmarks/cifar2020/onnx/cifar10_8_255_simplified.onnx,./benchmarks/cifar2020/vnnlib/cifar10_spec_idx_15_eps_0.03137_n1.vnnlib,.002959490,prepare_instance_error_1,-1
cifar2020,./benchmarks/cifar2020/onnx/cifar10_8_255_simplified.onnx,./benchmarks/cifar2020/vnnlib/cifar10_spec_idx_16_eps_0.03137_n1.vnnlib,.003093139,prepare_instance_error_1,-1
cifar2020,./benchmarks/cifar2020/onnx/cifar10_8_255_simplified.onnx,./benchmarks/cifar2020/vnnlib/cifar10_spec_idx_18_eps_0.03137_n1.vnnlib,.002953567,prepare_instance_error_1,-1
cifar2020,./benchmarks/cifar2020/onnx/cifar10_8_255_simplified.onnx,./benchmarks/cifar2020/vnnlib/cifar10_spec_idx_19_eps_0.03137_n1.vnnlib,.003012397,prepare_instance_error_1,-1
cifar2020,./benchmarks/cifar2020/onnx/cifar10_8_255_simplified.onnx,./benchmarks/cifar2020/vnnlib/cifar10_spec_idx_21_eps_0.03137_n1.vnnlib,.003022492,prepare_instance_error_1,-1
cifar2020,./benchmarks/cifar2020/onnx/cifar10_8_255_simplified.onnx,./benchmarks/cifar2020/vnnlib/cifar10_spec_idx_23_eps_0.03137_n1.vnnlib,.002998429,prepare_instance_error_1,-1
cifar2020,./benchmarks/cifar2020/onnx/cifar10_8_255_simplified.onnx,./benchmarks/cifar2020/vnnlib/cifar10_spec_idx_28_eps_0.03137_n1.vnnlib,.002999592,prepare_instance_error_1,-1
cifar2020,./benchmarks/cifar2020/onnx/cifar10_8_255_simplified.onnx,./benchmarks/cifar2020/vnnlib/cifar10_spec_idx_29_eps_0.03137_n1.vnnlib,.002896726,prepare_instance_error_1,-1
cifar2020,./benchmarks/cifar2020/onnx/cifar10_8_255_simplified.onnx,./benchmarks/cifar2020/vnnlib/cifar10_spec_idx_30_eps_0.03137_n1.vnnlib,.003053935,prepare_instance_error_1,-1
cifar2020,./benchmarks/cifar2020/onnx/cifar10_8_255_simplified.onnx,./benchmarks/cifar2020/vnnlib/cifar10_spec_idx_32_eps_0.03137_n1.vnnlib,.003041099,prepare_instance_error_1,-1
cifar2020,./benchmarks/cifar2020/onnx/cifar10_8_255_simplified.onnx,./benchmarks/cifar2020/vnnlib/cifar10_spec_idx_33_eps_0.03137_n1.vnnlib,.003002933,prepare_instance_error_1,-1
cifar2020,./benchmarks/cifar2020/onnx/cifar10_8_255_simplified.onnx,./benchmarks/cifar2020/vnnlib/cifar10_spec_idx_34_eps_0.03137_n1.vnnlib,.002994840,prepare_instance_error_1,-1
cifar2020,./benchmarks/cifar2020/onnx/cifar10_8_255_simplified.onnx,./benchmarks/cifar2020/vnnlib/cifar10_spec_idx_38_eps_0.03137_n1.vnnlib,.003108779,prepare_instance_error_1,-1
cifar2020,./benchmarks/cifar2020/onnx/cifar10_8_255_simplified.onnx,./benchmarks/cifar2020/vnnlib/cifar10_spec_idx_39_eps_0.03137_n1.vnnlib,.003120831,prepare_instance_error_1,-1
cifar2020,./benchmarks/cifar2020/onnx/cifar10_8_255_simplified.onnx,./benchmarks/cifar2020/vnnlib/cifar10_spec_idx_41_eps_0.03137_n1.vnnlib,.003006454,prepare_instance_error_1,-1
cifar2020,./benchmarks/cifar2020/onnx/cifar10_8_255_simplified.onnx,./benchmarks/cifar2020/vnnlib/cifar10_spec_idx_44_eps_0.03137_n1.vnnlib,.003218292,prepare_instance_error_1,-1
cifar2020,./benchmarks/cifar2020/onnx/cifar10_8_255_simplified.onnx,./benchmarks/cifar2020/vnnlib/cifar10_spec_idx_45_eps_0.03137_n1.vnnlib,.003108694,prepare_instance_error_1,-1
cifar2020,./benchmarks/cifar2020/onnx/cifar10_8_255_simplified.onnx,./benchmarks/cifar2020/vnnlib/cifar10_spec_idx_49_eps_0.03137_n1.vnnlib,.002934321,prepare_instance_error_1,-1
cifar2020,./benchmarks/cifar2020/onnx/cifar10_8_255_simplified.onnx,./benchmarks/cifar2020/vnnlib/cifar10_spec_idx_50_eps_0.03137_n1.vnnlib,.002961423,prepare_instance_error_1,-1
cifar2020,./benchmarks/cifar2020/onnx/cifar10_8_255_simplified.onnx,./benchmarks/cifar2020/vnnlib/cifar10_spec_idx_51_eps_0.03137_n1.vnnlib,.003070156,prepare_instance_error_1,-1
cifar2020,./benchmarks/cifar2020/onnx/cifar10_8_255_simplified.onnx,./benchmarks/cifar2020/vnnlib/cifar10_spec_idx_54_eps_0.03137_n1.vnnlib,.002989883,prepare_instance_error_1,-1
cifar2020,./benchmarks/cifar2020/onnx/cifar10_8_255_simplified.onnx,./benchmarks/cifar2020/vnnlib/cifar10_spec_idx_55_eps_0.03137_n1.vnnlib,.002963361,prepare_instance_error_1,-1
cifar2020,./benchmarks/cifar2020/onnx/cifar10_8_255_simplified.onnx,./benchmarks/cifar2020/vnnlib/cifar10_spec_idx_60_eps_0.03137_n1.vnnlib,.003056715,prepare_instance_error_1,-1
cifar2020,./benchmarks/cifar2020/onnx/cifar10_8_255_simplified.onnx,./benchmarks/cifar2020/vnnlib/cifar10_spec_idx_64_eps_0.03137_n1.vnnlib,.002972918,prepare_instance_error_1,-1
cifar2020,./benchmarks/cifar2020/onnx/cifar10_8_255_simplified.onnx,./benchmarks/cifar2020/vnnlib/cifar10_spec_idx_66_eps_0.03137_n1.vnnlib,.002974626,prepare_instance_error_1,-1
cifar2020,./benchmarks/cifar2020/onnx/cifar10_8_255_simplified.onnx,./benchmarks/cifar2020/vnnlib/cifar10_spec_idx_67_eps_0.03137_n1.vnnlib,.002942303,prepare_instance_error_1,-1
cifar2020,./benchmarks/cifar2020/onnx/cifar10_8_255_simplified.onnx,./benchmarks/cifar2020/vnnlib/cifar10_spec_idx_71_eps_0.03137_n1.vnnlib,.003051237,prepare_instance_error_1,-1
cifar2020,./benchmarks/cifar2020/onnx/cifar10_8_255_simplified.onnx,./benchmarks/cifar2020/vnnlib/cifar10_spec_idx_72_eps_0.03137_n1.vnnlib,.002998893,prepare_instance_error_1,-1
cifar2020,./benchmarks/cifar2020/onnx/cifar10_8_255_simplified.onnx,./benchmarks/cifar2020/vnnlib/cifar10_spec_idx_73_eps_0.03137_n1.vnnlib,.003037393,prepare_instance_error_1,-1
cifar2020,./benchmarks/cifar2020/onnx/cifar10_8_255_simplified.onnx,./benchmarks/cifar2020/vnnlib/cifar10_spec_idx_74_eps_0.03137_n1.vnnlib,.003020440,prepare_instance_error_1,-1
cifar2020,./benchmarks/cifar2020/onnx/cifar10_8_255_simplified.onnx,./benchmarks/cifar2020/vnnlib/cifar10_spec_idx_76_eps_0.03137_n1.vnnlib,.002973219,prepare_instance_error_1,-1
cifar2020,./benchmarks/cifar2020/onnx/cifar10_8_255_simplified.onnx,./benchmarks/cifar2020/vnnlib/cifar10_spec_idx_79_eps_0.03137_n1.vnnlib,.002948510,prepare_instance_error_1,-1
cifar2020,./benchmarks/cifar2020/onnx/cifar10_8_255_simplified.onnx,./benchmarks/cifar2020/vnnlib/cifar10_spec_idx_80_eps_0.03137_n1.vnnlib,.003065784,prepare_instance_error_1,-1
cifar2020,./benchmarks/cifar2020/onnx/cifar10_8_255_simplified.onnx,./benchmarks/cifar2020/vnnlib/cifar10_spec_idx_81_eps_0.03137_n1.vnnlib,.002986215,prepare_instance_error_1,-1
cifar2020,./benchmarks/cifar2020/onnx/cifar10_8_255_simplified.onnx,./benchmarks/cifar2020/vnnlib/cifar10_spec_idx_82_eps_0.03137_n1.vnnlib,.002960284,prepare_instance_error_1,-1
cifar2020,./benchmarks/cifar2020/onnx/cifar10_8_255_simplified.onnx,./benchmarks/cifar2020/vnnlib/cifar10_spec_idx_83_eps_0.03137_n1.vnnlib,.003065513,prepare_instance_error_1,-1
cifar2020,./benchmarks/cifar2020/onnx/cifar10_8_255_simplified.onnx,./benchmarks/cifar2020/vnnlib/cifar10_spec_idx_84_eps_0.03137_n1.vnnlib,.002929212,prepare_instance_error_1,-1
cifar2020,./benchmarks/cifar2020/onnx/cifar10_8_255_simplified.onnx,./benchmarks/cifar2020/vnnlib/cifar10_spec_idx_86_eps_0.03137_n1.vnnlib,.002910251,prepare_instance_error_1,-1
cifar2020,./benchmarks/cifar2020/onnx/cifar10_8_255_simplified.onnx,./benchmarks/cifar2020/vnnlib/cifar10_spec_idx_88_eps_0.03137_n1.vnnlib,.003137138,prepare_instance_error_1,-1
cifar2020,./benchmarks/cifar2020/onnx/cifar10_8_255_simplified.onnx,./benchmarks/cifar2020/vnnlib/cifar10_spec_idx_89_eps_0.03137_n1.vnnlib,.003061510,prepare_instance_error_1,-1
cifar2020,./benchmarks/cifar2020/onnx/cifar10_8_255_simplified.onnx,./benchmarks/cifar2020/vnnlib/cifar10_spec_idx_90_eps_0.03137_n1.vnnlib,.002930485,prepare_instance_error_1,-1
cifar2020,./benchmarks/cifar2020/onnx/cifar10_8_255_simplified.onnx,./benchmarks/cifar2020/vnnlib/cifar10_spec_idx_92_eps_0.03137_n1.vnnlib,.002998119,prepare_instance_error_1,-1
cifar2020,./benchmarks/cifar2020/onnx/cifar10_8_255_simplified.onnx,./benchmarks/cifar2020/vnnlib/cifar10_spec_idx_95_eps_0.03137_n1.vnnlib,.003006046,prepare_instance_error_1,-1
cifar2020,./benchmarks/cifar2020/onnx/cifar10_8_255_simplified.onnx,./benchmarks/cifar2020/vnnlib/cifar10_spec_idx_96_eps_0.03137_n1.vnnlib,.003137542,prepare_instance_error_1,-1
cifar2020,./benchmarks/cifar2020/onnx/cifar10_8_255_simplified.onnx,./benchmarks/cifar2020/vnnlib/cifar10_spec_idx_97_eps_0.03137_n1.vnnlib,.003048371,prepare_instance_error_1,-1
cifar2020,./benchmarks/cifar2020/onnx/cifar10_8_255_simplified.onnx,./benchmarks/cifar2020/vnnlib/cifar10_spec_idx_98_eps_0.03137_n1.vnnlib,.002997715,prepare_instance_error_1,-1
cifar2020,./benchmarks/cifar2020/onnx/cifar10_8_255_simplified.onnx,./benchmarks/cifar2020/vnnlib/cifar10_spec_idx_99_eps_0.03137_n1.vnnlib,.003065479,prepare_instance_error_1,-1
cifar2020,./benchmarks/cifar2020/onnx/convBigRELU__PGD.onnx,./benchmarks/cifar2020/vnnlib/cifar10_spec_idx_1_eps_0.00784.vnnlib,.002945059,prepare_instance_error_1,-1
cifar2020,./benchmarks/cifar2020/onnx/convBigRELU__PGD.onnx,./benchmarks/cifar2020/vnnlib/cifar10_spec_idx_2_eps_0.00784.vnnlib,.003078322,prepare_instance_error_1,-1
cifar2020,./benchmarks/cifar2020/onnx/convBigRELU__PGD.onnx,./benchmarks/cifar2020/vnnlib/cifar10_spec_idx_3_eps_0.00784.vnnlib,.003092078,prepare_instance_error_1,-1
cifar2020,./benchmarks/cifar2020/onnx/convBigRELU__PGD.onnx,./benchmarks/cifar2020/vnnlib/cifar10_spec_idx_4_eps_0.00784.vnnlib,.003046846,prepare_instance_error_1,-1
cifar2020,./benchmarks/cifar2020/onnx/convBigRELU__PGD.onnx,./benchmarks/cifar2020/vnnlib/cifar10_spec_idx_5_eps_0.00784.vnnlib,.003078004,prepare_instance_error_1,-1
cifar2020,./benchmarks/cifar2020/onnx/convBigRELU__PGD.onnx,./benchmarks/cifar2020/vnnlib/cifar10_spec_idx_9_eps_0.00784.vnnlib,.002925343,prepare_instance_error_1,-1
cifar2020,./benchmarks/cifar2020/onnx/convBigRELU__PGD.onnx,./benchmarks/cifar2020/vnnlib/cifar10_spec_idx_10_eps_0.00784.vnnlib,.002964033,prepare_instance_error_1,-1
cifar2020,./benchmarks/cifar2020/onnx/convBigRELU__PGD.onnx,./benchmarks/cifar2020/vnnlib/cifar10_spec_idx_11_eps_0.00784.vnnlib,.002956468,prepare_instance_error_1,-1
cifar2020,./benchmarks/cifar2020/onnx/convBigRELU__PGD.onnx,./benchmarks/cifar2020/vnnlib/cifar10_spec_idx_13_eps_0.00784.vnnlib,.002967412,prepare_instance_error_1,-1
cifar2020,./benchmarks/cifar2020/onnx/convBigRELU__PGD.onnx,./benchmarks/cifar2020/vnnlib/cifar10_spec_idx_14_eps_0.00784.vnnlib,.002988977,prepare_instance_error_1,-1
cifar2020,./benchmarks/cifar2020/onnx/convBigRELU__PGD.onnx,./benchmarks/cifar2020/vnnlib/cifar10_spec_idx_15_eps_0.00784.vnnlib,.003017715,prepare_instance_error_1,-1
cifar2020,./benchmarks/cifar2020/onnx/convBigRELU__PGD.onnx,./benchmarks/cifar2020/vnnlib/cifar10_spec_idx_18_eps_0.00784.vnnlib,.003050309,prepare_instance_error_1,-1
cifar2020,./benchmarks/cifar2020/onnx/convBigRELU__PGD.onnx,./benchmarks/cifar2020/vnnlib/cifar10_spec_idx_19_eps_0.00784.vnnlib,.002924549,prepare_instance_error_1,-1
cifar2020,./benchmarks/cifar2020/onnx/convBigRELU__PGD.onnx,./benchmarks/cifar2020/vnnlib/cifar10_spec_idx_20_eps_0.00784.vnnlib,.002975192,prepare_instance_error_1,-1
cifar2020,./benchmarks/cifar2020/onnx/convBigRELU__PGD.onnx,./benchmarks/cifar2020/vnnlib/cifar10_spec_idx_21_eps_0.00784.vnnlib,.003044900,prepare_instance_error_1,-1
cifar2020,./benchmarks/cifar2020/onnx/convBigRELU__PGD.onnx,./benchmarks/cifar2020/vnnlib/cifar10_spec_idx_23_eps_0.00784.vnnlib,.003010993,prepare_instance_error_1,-1
cifar2020,./benchmarks/cifar2020/onnx/convBigRELU__PGD.onnx,./benchmarks/cifar2020/vnnlib/cifar10_spec_idx_28_eps_0.00784.vnnlib,.003246913,prepare_instance_error_1,-1
cifar2020,./benchmarks/cifar2020/onnx/convBigRELU__PGD.onnx,./benchmarks/cifar2020/vnnlib/cifar10_spec_idx_29_eps_0.00784.vnnlib,.003109141,prepare_instance_error_1,-1
cifar2020,./benchmarks/cifar2020/onnx/convBigRELU__PGD.onnx,./benchmarks/cifar2020/vnnlib/cifar10_spec_idx_30_eps_0.00784.vnnlib,.003056182,prepare_instance_error_1,-1
cifar2020,./benchmarks/cifar2020/onnx/convBigRELU__PGD.onnx,./benchmarks/cifar2020/vnnlib/cifar10_spec_idx_32_eps_0.00784.vnnlib,.002990321,prepare_instance_error_1,-1
cifar2020,./benchmarks/cifar2020/onnx/convBigRELU__PGD.onnx,./benchmarks/cifar2020/vnnlib/cifar10_spec_idx_33_eps_0.00784.vnnlib,.003021324,prepare_instance_error_1,-1
cifar2020,./benchmarks/cifar2020/onnx/convBigRELU__PGD.onnx,./benchmarks/cifar2020/vnnlib/cifar10_spec_idx_34_eps_0.00784.vnnlib,.003014963,prepare_instance_error_1,-1
cifar2020,./benchmarks/cifar2020/onnx/convBigRELU__PGD.onnx,./benchmarks/cifar2020/vnnlib/cifar10_spec_idx_37_eps_0.00784.vnnlib,.003033651,prepare_instance_error_1,-1
cifar2020,./benchmarks/cifar2020/onnx/convBigRELU__PGD.onnx,./benchmarks/cifar2020/vnnlib/cifar10_spec_idx_38_eps_0.00784.vnnlib,.003025266,prepare_instance_error_1,-1
cifar2020,./benchmarks/cifar2020/onnx/convBigRELU__PGD.onnx,./benchmarks/cifar2020/vnnlib/cifar10_spec_idx_39_eps_0.00784.vnnlib,.002945640,prepare_instance_error_1,-1
cifar2020,./benchmarks/cifar2020/onnx/convBigRELU__PGD.onnx,./benchmarks/cifar2020/vnnlib/cifar10_spec_idx_40_eps_0.00784.vnnlib,.002981770,prepare_instance_error_1,-1
cifar2020,./benchmarks/cifar2020/onnx/convBigRELU__PGD.onnx,./benchmarks/cifar2020/vnnlib/cifar10_spec_idx_41_eps_0.00784.vnnlib,.002996587,prepare_instance_error_1,-1
cifar2020,./benchmarks/cifar2020/onnx/convBigRELU__PGD.onnx,./benchmarks/cifar2020/vnnlib/cifar10_spec_idx_43_eps_0.00784.vnnlib,.002912010,prepare_instance_error_1,-1
cifar2020,./benchmarks/cifar2020/onnx/convBigRELU__PGD.onnx,./benchmarks/cifar2020/vnnlib/cifar10_spec_idx_44_eps_0.00784.vnnlib,.003003399,prepare_instance_error_1,-1
cifar2020,./benchmarks/cifar2020/onnx/convBigRELU__PGD.onnx,./benchmarks/cifar2020/vnnlib/cifar10_spec_idx_45_eps_0.00784.vnnlib,.002959773,prepare_instance_error_1,-1
cifar2020,./benchmarks/cifar2020/onnx/convBigRELU__PGD.onnx,./benchmarks/cifar2020/vnnlib/cifar10_spec_idx_50_eps_0.00784.vnnlib,.002993334,prepare_instance_error_1,-1
cifar2020,./benchmarks/cifar2020/onnx/convBigRELU__PGD.onnx,./benchmarks/cifar2020/vnnlib/cifar10_spec_idx_51_eps_0.00784.vnnlib,.002973887,prepare_instance_error_1,-1
cifar2020,./benchmarks/cifar2020/onnx/convBigRELU__PGD.onnx,./benchmarks/cifar2020/vnnlib/cifar10_spec_idx_52_eps_0.00784.vnnlib,.002947655,prepare_instance_error_1,-1
cifar2020,./benchmarks/cifar2020/onnx/convBigRELU__PGD.onnx,./benchmarks/cifar2020/vnnlib/cifar10_spec_idx_54_eps_0.00784.vnnlib,.002982166,prepare_instance_error_1,-1
cifar2020,./benchmarks/cifar2020/onnx/convBigRELU__PGD.onnx,./benchmarks/cifar2020/vnnlib/cifar10_spec_idx_55_eps_0.00784.vnnlib,.003009308,prepare_instance_error_1,-1
cifar2020,./benchmarks/cifar2020/onnx/convBigRELU__PGD.onnx,./benchmarks/cifar2020/vnnlib/cifar10_spec_idx_60_eps_0.00784.vnnlib,.002940439,prepare_instance_error_1,-1
cifar2020,./benchmarks/cifar2020/onnx/convBigRELU__PGD.onnx,./benchmarks/cifar2020/vnnlib/cifar10_spec_idx_61_eps_0.00784.vnnlib,.003010754,prepare_instance_error_1,-1
cifar2020,./benchmarks/cifar2020/onnx/convBigRELU__PGD.onnx,./benchmarks/cifar2020/vnnlib/cifar10_spec_idx_62_eps_0.00784.vnnlib,.002975961,prepare_instance_error_1,-1
cifar2020,./benchmarks/cifar2020/onnx/convBigRELU__PGD.onnx,./benchmarks/cifar2020/vnnlib/cifar10_spec_idx_64_eps_0.00784.vnnlib,.002994750,prepare_instance_error_1,-1
cifar2020,./benchmarks/cifar2020/onnx/convBigRELU__PGD.onnx,./benchmarks/cifar2020/vnnlib/cifar10_spec_idx_66_eps_0.00784.vnnlib,.003012757,prepare_instance_error_1,-1
cifar2020,./benchmarks/cifar2020/onnx/convBigRELU__PGD.onnx,./benchmarks/cifar2020/vnnlib/cifar10_spec_idx_67_eps_0.00784.vnnlib,.003074409,prepare_instance_error_1,-1
cifar2020,./benchmarks/cifar2020/onnx/convBigRELU__PGD.onnx,./benchmarks/cifar2020/vnnlib/cifar10_spec_idx_71_eps_0.00784.vnnlib,.002929283,prepare_instance_error_1,-1
cifar2020,./benchmarks/cifar2020/onnx/convBigRELU__PGD.onnx,./benchmarks/cifar2020/vnnlib/cifar10_spec_idx_72_eps_0.00784.vnnlib,.003102798,prepare_instance_error_1,-1
cifar2020,./benchmarks/cifar2020/onnx/convBigRELU__PGD.onnx,./benchmarks/cifar2020/vnnlib/cifar10_spec_idx_73_eps_0.00784.vnnlib,.002991750,prepare_instance_error_1,-1
cifar2020,./benchmarks/cifar2020/onnx/convBigRELU__PGD.onnx,./benchmarks/cifar2020/vnnlib/cifar10_spec_idx_75_eps_0.00784.vnnlib,.003015302,prepare_instance_error_1,-1
cifar2020,./benchmarks/cifar2020/onnx/convBigRELU__PGD.onnx,./benchmarks/cifar2020/vnnlib/cifar10_spec_idx_76_eps_0.00784.vnnlib,.002974743,prepare_instance_error_1,-1
cifar2020,./benchmarks/cifar2020/onnx/convBigRELU__PGD.onnx,./benchmarks/cifar2020/vnnlib/cifar10_spec_idx_78_eps_0.00784.vnnlib,.003044666,prepare_instance_error_1,-1
cifar2020,./benchmarks/cifar2020/onnx/convBigRELU__PGD.onnx,./benchmarks/cifar2020/vnnlib/cifar10_spec_idx_79_eps_0.00784.vnnlib,.002975879,prepare_instance_error_1,-1
cifar2020,./benchmarks/cifar2020/onnx/convBigRELU__PGD.onnx,./benchmarks/cifar2020/vnnlib/cifar10_spec_idx_80_eps_0.00784.vnnlib,.002970701,prepare_instance_error_1,-1
cifar2020,./benchmarks/cifar2020/onnx/convBigRELU__PGD.onnx,./benchmarks/cifar2020/vnnlib/cifar10_spec_idx_81_eps_0.00784.vnnlib,.002943608,prepare_instance_error_1,-1
cifar2020,./benchmarks/cifar2020/onnx/convBigRELU__PGD.onnx,./benchmarks/cifar2020/vnnlib/cifar10_spec_idx_82_eps_0.00784.vnnlib,.003055633,prepare_instance_error_1,-1
cifar2020,./benchmarks/cifar2020/onnx/convBigRELU__PGD.onnx,./benchmarks/cifar2020/vnnlib/cifar10_spec_idx_83_eps_0.00784.vnnlib,.002922795,prepare_instance_error_1,-1
cifar2020,./benchmarks/cifar2020/onnx/convBigRELU__PGD.onnx,./benchmarks/cifar2020/vnnlib/cifar10_spec_idx_84_eps_0.00784.vnnlib,.003115131,prepare_instance_error_1,-1
cifar2020,./benchmarks/cifar2020/onnx/convBigRELU__PGD.onnx,./benchmarks/cifar2020/vnnlib/cifar10_spec_idx_86_eps_0.00784.vnnlib,.003081566,prepare_instance_error_1,-1
cifar2020,./benchmarks/cifar2020/onnx/convBigRELU__PGD.onnx,./benchmarks/cifar2020/vnnlib/cifar10_spec_idx_88_eps_0.00784.vnnlib,.003040806,prepare_instance_error_1,-1
cifar2020,./benchmarks/cifar2020/onnx/convBigRELU__PGD.onnx,./benchmarks/cifar2020/vnnlib/cifar10_spec_idx_89_eps_0.00784.vnnlib,.002970005,prepare_instance_error_1,-1
cifar2020,./benchmarks/cifar2020/onnx/convBigRELU__PGD.onnx,./benchmarks/cifar2020/vnnlib/cifar10_spec_idx_90_eps_0.00784.vnnlib,.002925411,prepare_instance_error_1,-1
cifar2020,./benchmarks/cifar2020/onnx/convBigRELU__PGD.onnx,./benchmarks/cifar2020/vnnlib/cifar10_spec_idx_92_eps_0.00784.vnnlib,.003002956,prepare_instance_error_1,-1
cifar2020,./benchmarks/cifar2020/onnx/convBigRELU__PGD.onnx,./benchmarks/cifar2020/vnnlib/cifar10_spec_idx_93_eps_0.00784.vnnlib,.002941921,prepare_instance_error_1,-1
cifar2020,./benchmarks/cifar2020/onnx/convBigRELU__PGD.onnx,./benchmarks/cifar2020/vnnlib/cifar10_spec_idx_94_eps_0.00784.vnnlib,.003032742,prepare_instance_error_1,-1
cifar2020,./benchmarks/cifar2020/onnx/convBigRELU__PGD.onnx,./benchmarks/cifar2020/vnnlib/cifar10_spec_idx_95_eps_0.00784.vnnlib,.003071544,prepare_instance_error_1,-1
cifar2020,./benchmarks/cifar2020/onnx/convBigRELU__PGD.onnx,./benchmarks/cifar2020/vnnlib/cifar10_spec_idx_96_eps_0.00784.vnnlib,.003029489,prepare_instance_error_1,-1
cifar2020,./benchmarks/cifar2020/onnx/convBigRELU__PGD.onnx,./benchmarks/cifar2020/vnnlib/cifar10_spec_idx_97_eps_0.00784.vnnlib,.002909046,prepare_instance_error_1,-1
cifar2020,./benchmarks/cifar2020/onnx/convBigRELU__PGD.onnx,./benchmarks/cifar2020/vnnlib/cifar10_spec_idx_98_eps_0.00784.vnnlib,.002953321,prepare_instance_error_1,-1
cifar2020,./benchmarks/cifar2020/onnx/convBigRELU__PGD.onnx,./benchmarks/cifar2020/vnnlib/cifar10_spec_idx_99_eps_0.00784.vnnlib,.003085834,prepare_instance_error_1,-1
cifar2020,./benchmarks/test/test_nano.onnx,./benchmarks/test/test_nano.vnnlib,.002982236,prepare_instance_error_1,-1
