cifar100_tinyimagenet_resnet,./benchmarks/cifar100_tinyimagenet_resnet/onnx/CIFAR100_resnet_small.onnx,./benchmarks/cifar100_tinyimagenet_resnet/vnnlib/CIFAR100_resnet_small_prop_idx_7129_sidx_1634_eps_0.0039.vnnlib,9.571262619,unsat,33.976732177
cifar100_tinyimagenet_resnet,./benchmarks/cifar100_tinyimagenet_resnet/onnx/CIFAR100_resnet_small.onnx,./benchmarks/cifar100_tinyimagenet_resnet/vnnlib/CIFAR100_resnet_small_prop_idx_2680_sidx_3489_eps_0.0039.vnnlib,8.044982029,unsat,33.593738066
cifar100_tinyimagenet_resnet,./benchmarks/cifar100_tinyimagenet_resnet/onnx/CIFAR100_resnet_small.onnx,./benchmarks/cifar100_tinyimagenet_resnet/vnnlib/CIFAR100_resnet_small_prop_idx_7562_sidx_4256_eps_0.0039.vnnlib,8.003374990,unsat,33.997005192
cifar100_tinyimagenet_resnet,./benchmarks/cifar100_tinyimagenet_resnet/onnx/CIFAR100_resnet_small.onnx,./benchmarks/cifar100_tinyimagenet_resnet/vnnlib/CIFAR100_resnet_small_prop_idx_8314_sidx_4966_eps_0.0039.vnnlib,7.810729439,unsat,32.974357044
cifar100_tinyimagenet_resnet,./benchmarks/cifar100_tinyimagenet_resnet/onnx/CIFAR100_resnet_small.onnx,./benchmarks/cifar100_tinyimagenet_resnet/vnnlib/CIFAR100_resnet_small_prop_idx_939_sidx_5683_eps_0.0039.vnnlib,7.854382375,unsat,33.125126751
cifar100_tinyimagenet_resnet,./benchmarks/cifar100_tinyimagenet_resnet/onnx/CIFAR100_resnet_small.onnx,./benchmarks/cifar100_tinyimagenet_resnet/vnnlib/CIFAR100_resnet_small_prop_idx_5193_sidx_6671_eps_0.0039.vnnlib,7.839055386,unsat,34.176727111
cifar100_tinyimagenet_resnet,./benchmarks/cifar100_tinyimagenet_resnet/onnx/CIFAR100_resnet_small.onnx,./benchmarks/cifar100_tinyimagenet_resnet/vnnlib/CIFAR100_resnet_small_prop_idx_9565_sidx_7601_eps_0.0039.vnnlib,7.957449699,unsat,33.556480628
cifar100_tinyimagenet_resnet,./benchmarks/cifar100_tinyimagenet_resnet/onnx/CIFAR100_resnet_small.onnx,./benchmarks/cifar100_tinyimagenet_resnet/vnnlib/CIFAR100_resnet_small_prop_idx_7486_sidx_8050_eps_0.0039.vnnlib,8.044786545,unsat,35.775449262
cifar100_tinyimagenet_resnet,./benchmarks/cifar100_tinyimagenet_resnet/onnx/CIFAR100_resnet_small.onnx,./benchmarks/cifar100_tinyimagenet_resnet/vnnlib/CIFAR100_resnet_small_prop_idx_3601_sidx_8276_eps_0.0039.vnnlib,7.991099627,unsat,35.617346435
cifar100_tinyimagenet_resnet,./benchmarks/cifar100_tinyimagenet_resnet/onnx/CIFAR100_resnet_small.onnx,./benchmarks/cifar100_tinyimagenet_resnet/vnnlib/CIFAR100_resnet_small_prop_idx_1899_sidx_9565_eps_0.0039.vnnlib,8.117267683,unsat,34.168859989
cifar100_tinyimagenet_resnet,./benchmarks/cifar100_tinyimagenet_resnet/onnx/CIFAR100_resnet_medium.onnx,./benchmarks/cifar100_tinyimagenet_resnet/vnnlib/CIFAR100_resnet_medium_prop_idx_7764_sidx_254_eps_0.0039.vnnlib,8.047804843,unsat,39.697306622
cifar100_tinyimagenet_resnet,./benchmarks/cifar100_tinyimagenet_resnet/onnx/CIFAR100_resnet_medium.onnx,./benchmarks/cifar100_tinyimagenet_resnet/vnnlib/CIFAR100_resnet_medium_prop_idx_4736_sidx_292_eps_0.0039.vnnlib,8.132931477,unsat,35.510023075
cifar100_tinyimagenet_resnet,./benchmarks/cifar100_tinyimagenet_resnet/onnx/CIFAR100_resnet_medium.onnx,./benchmarks/cifar100_tinyimagenet_resnet/vnnlib/CIFAR100_resnet_medium_prop_idx_6585_sidx_533_eps_0.0039.vnnlib,8.172130989,unsat,36.694095707
cifar100_tinyimagenet_resnet,./benchmarks/cifar100_tinyimagenet_resnet/onnx/CIFAR100_resnet_medium.onnx,./benchmarks/cifar100_tinyimagenet_resnet/vnnlib/CIFAR100_resnet_medium_prop_idx_1798_sidx_1061_eps_0.0039.vnnlib,8.178020681,unsat,37.163110473
cifar100_tinyimagenet_resnet,./benchmarks/cifar100_tinyimagenet_resnet/onnx/CIFAR100_resnet_medium.onnx,./benchmarks/cifar100_tinyimagenet_resnet/vnnlib/CIFAR100_resnet_medium_prop_idx_815_sidx_1902_eps_0.0039.vnnlib,7.928616830,unsat,38.383260875
cifar100_tinyimagenet_resnet,./benchmarks/cifar100_tinyimagenet_resnet/onnx/CIFAR100_resnet_medium.onnx,./benchmarks/cifar100_tinyimagenet_resnet/vnnlib/CIFAR100_resnet_medium_prop_idx_3925_sidx_2194_eps_0.0039.vnnlib,8.123877816,unsat,35.836399378
cifar100_tinyimagenet_resnet,./benchmarks/cifar100_tinyimagenet_resnet/onnx/CIFAR100_resnet_medium.onnx,./benchmarks/cifar100_tinyimagenet_resnet/vnnlib/CIFAR100_resnet_medium_prop_idx_291_sidx_2370_eps_0.0039.vnnlib,8.134295581,unsat,36.293261428
cifar100_tinyimagenet_resnet,./benchmarks/cifar100_tinyimagenet_resnet/onnx/CIFAR100_resnet_medium.onnx,./benchmarks/cifar100_tinyimagenet_resnet/vnnlib/CIFAR100_resnet_medium_prop_idx_9839_sidx_2563_eps_0.0039.vnnlib,8.135508371,unsat,36.663120617
cifar100_tinyimagenet_resnet,./benchmarks/cifar100_tinyimagenet_resnet/onnx/CIFAR100_resnet_medium.onnx,./benchmarks/cifar100_tinyimagenet_resnet/vnnlib/CIFAR100_resnet_medium_prop_idx_6993_sidx_2600_eps_0.0039.vnnlib,8.150879872,unsat,36.297818968
cifar100_tinyimagenet_resnet,./benchmarks/cifar100_tinyimagenet_resnet/onnx/CIFAR100_resnet_medium.onnx,./benchmarks/cifar100_tinyimagenet_resnet/vnnlib/CIFAR100_resnet_medium_prop_idx_115_sidx_2873_eps_0.0039.vnnlib,8.113565978,unsat,37.775462762
cifar100_tinyimagenet_resnet,./benchmarks/cifar100_tinyimagenet_resnet/onnx/CIFAR100_resnet_medium.onnx,./benchmarks/cifar100_tinyimagenet_resnet/vnnlib/CIFAR100_resnet_medium_prop_idx_4039_sidx_2878_eps_0.0039.vnnlib,8.165278723,unsat,36.774445731
cifar100_tinyimagenet_resnet,./benchmarks/cifar100_tinyimagenet_resnet/onnx/CIFAR100_resnet_medium.onnx,./benchmarks/cifar100_tinyimagenet_resnet/vnnlib/CIFAR100_resnet_medium_prop_idx_731_sidx_3428_eps_0.0039.vnnlib,8.130230078,unsat,36.274119752
cifar100_tinyimagenet_resnet,./benchmarks/cifar100_tinyimagenet_resnet/onnx/CIFAR100_resnet_medium.onnx,./benchmarks/cifar100_tinyimagenet_resnet/vnnlib/CIFAR100_resnet_medium_prop_idx_509_sidx_3899_eps_0.0039.vnnlib,8.381873219,unsat,36.615571068
cifar100_tinyimagenet_resnet,./benchmarks/cifar100_tinyimagenet_resnet/onnx/CIFAR100_resnet_medium.onnx,./benchmarks/cifar100_tinyimagenet_resnet/vnnlib/CIFAR100_resnet_medium_prop_idx_7315_sidx_5135_eps_0.0039.vnnlib,8.129938813,unsat,36.661977038
cifar100_tinyimagenet_resnet,./benchmarks/cifar100_tinyimagenet_resnet/onnx/CIFAR100_resnet_medium.onnx,./benchmarks/cifar100_tinyimagenet_resnet/vnnlib/CIFAR100_resnet_medium_prop_idx_4126_sidx_5351_eps_0.0039.vnnlib,8.110875756,unsat,36.807165538
cifar100_tinyimagenet_resnet,./benchmarks/cifar100_tinyimagenet_resnet/onnx/CIFAR100_resnet_medium.onnx,./benchmarks/cifar100_tinyimagenet_resnet/vnnlib/CIFAR100_resnet_medium_prop_idx_3560_sidx_5363_eps_0.0039.vnnlib,8.216023104,unsat,37.932315130
cifar100_tinyimagenet_resnet,./benchmarks/cifar100_tinyimagenet_resnet/onnx/CIFAR100_resnet_medium.onnx,./benchmarks/cifar100_tinyimagenet_resnet/vnnlib/CIFAR100_resnet_medium_prop_idx_8519_sidx_5507_eps_0.0039.vnnlib,8.267267707,unsat,37.323592525
cifar100_tinyimagenet_resnet,./benchmarks/cifar100_tinyimagenet_resnet/onnx/CIFAR100_resnet_medium.onnx,./benchmarks/cifar100_tinyimagenet_resnet/vnnlib/CIFAR100_resnet_medium_prop_idx_9335_sidx_5792_eps_0.0039.vnnlib,8.170885581,unsat,37.823488562
cifar100_tinyimagenet_resnet,./benchmarks/cifar100_tinyimagenet_resnet/onnx/CIFAR100_resnet_medium.onnx,./benchmarks/cifar100_tinyimagenet_resnet/vnnlib/CIFAR100_resnet_medium_prop_idx_2959_sidx_5903_eps_0.0039.vnnlib,8.178122489,unsat,36.522789567
cifar100_tinyimagenet_resnet,./benchmarks/cifar100_tinyimagenet_resnet/onnx/CIFAR100_resnet_medium.onnx,./benchmarks/cifar100_tinyimagenet_resnet/vnnlib/CIFAR100_resnet_medium_prop_idx_8496_sidx_5905_eps_0.0039.vnnlib,8.114118522,unsat,37.843207890
cifar100_tinyimagenet_resnet,./benchmarks/cifar100_tinyimagenet_resnet/onnx/CIFAR100_resnet_medium.onnx,./benchmarks/cifar100_tinyimagenet_resnet/vnnlib/CIFAR100_resnet_medium_prop_idx_1421_sidx_6398_eps_0.0039.vnnlib,8.066157985,unsat,38.697949237
cifar100_tinyimagenet_resnet,./benchmarks/cifar100_tinyimagenet_resnet/onnx/CIFAR100_resnet_medium.onnx,./benchmarks/cifar100_tinyimagenet_resnet/vnnlib/CIFAR100_resnet_medium_prop_idx_7349_sidx_7887_eps_0.0039.vnnlib,8.204953916,unsat,36.384703862
cifar100_tinyimagenet_resnet,./benchmarks/cifar100_tinyimagenet_resnet/onnx/CIFAR100_resnet_medium.onnx,./benchmarks/cifar100_tinyimagenet_resnet/vnnlib/CIFAR100_resnet_medium_prop_idx_2550_sidx_7952_eps_0.0039.vnnlib,8.068018415,unsat,39.959892497
cifar100_tinyimagenet_resnet,./benchmarks/cifar100_tinyimagenet_resnet/onnx/CIFAR100_resnet_medium.onnx,./benchmarks/cifar100_tinyimagenet_resnet/vnnlib/CIFAR100_resnet_medium_prop_idx_8208_sidx_8378_eps_0.0039.vnnlib,8.139401415,unsat,36.503533297
cifar100_tinyimagenet_resnet,./benchmarks/cifar100_tinyimagenet_resnet/onnx/CIFAR100_resnet_large.onnx,./benchmarks/cifar100_tinyimagenet_resnet/vnnlib/CIFAR100_resnet_large_prop_idx_5586_sidx_80_eps_0.0039.vnnlib,8.187432738,unsat,49.038855635
cifar100_tinyimagenet_resnet,./benchmarks/cifar100_tinyimagenet_resnet/onnx/CIFAR100_resnet_large.onnx,./benchmarks/cifar100_tinyimagenet_resnet/vnnlib/CIFAR100_resnet_large_prop_idx_2717_sidx_551_eps_0.0039.vnnlib,8.263348507,unsat,50.048787529
cifar100_tinyimagenet_resnet,./benchmarks/cifar100_tinyimagenet_resnet/onnx/CIFAR100_resnet_large.onnx,./benchmarks/cifar100_tinyimagenet_resnet/vnnlib/CIFAR100_resnet_large_prop_idx_37_sidx_2045_eps_0.0039.vnnlib,8.203827911,unsat,49.784792725
cifar100_tinyimagenet_resnet,./benchmarks/cifar100_tinyimagenet_resnet/onnx/CIFAR100_resnet_large.onnx,./benchmarks/cifar100_tinyimagenet_resnet/vnnlib/CIFAR100_resnet_large_prop_idx_6337_sidx_2381_eps_0.0039.vnnlib,8.318753374,unsat,49.109617749
cifar100_tinyimagenet_resnet,./benchmarks/cifar100_tinyimagenet_resnet/onnx/CIFAR100_resnet_large.onnx,./benchmarks/cifar100_tinyimagenet_resnet/vnnlib/CIFAR100_resnet_large_prop_idx_9978_sidx_2382_eps_0.0039.vnnlib,8.293605420,unsat,50.610706295
cifar100_tinyimagenet_resnet,./benchmarks/cifar100_tinyimagenet_resnet/onnx/CIFAR100_resnet_large.onnx,./benchmarks/cifar100_tinyimagenet_resnet/vnnlib/CIFAR100_resnet_large_prop_idx_2805_sidx_2539_eps_0.0039.vnnlib,8.309989558,unsat,49.539786093
cifar100_tinyimagenet_resnet,./benchmarks/cifar100_tinyimagenet_resnet/onnx/CIFAR100_resnet_large.onnx,./benchmarks/cifar100_tinyimagenet_resnet/vnnlib/CIFAR100_resnet_large_prop_idx_1590_sidx_2858_eps_0.0039.vnnlib,8.292312514,unsat,49.487486092
cifar100_tinyimagenet_resnet,./benchmarks/cifar100_tinyimagenet_resnet/onnx/CIFAR100_resnet_large.onnx,./benchmarks/cifar100_tinyimagenet_resnet/vnnlib/CIFAR100_resnet_large_prop_idx_3384_sidx_2910_eps_0.0039.vnnlib,8.313813390,unsat,50.692615240
cifar100_tinyimagenet_resnet,./benchmarks/cifar100_tinyimagenet_resnet/onnx/CIFAR100_resnet_large.onnx,./benchmarks/cifar100_tinyimagenet_resnet/vnnlib/CIFAR100_resnet_large_prop_idx_5905_sidx_3073_eps_0.0039.vnnlib,8.100536668,unsat,49.468494119
cifar100_tinyimagenet_resnet,./benchmarks/cifar100_tinyimagenet_resnet/onnx/CIFAR100_resnet_large.onnx,./benchmarks/cifar100_tinyimagenet_resnet/vnnlib/CIFAR100_resnet_large_prop_idx_2176_sidx_3285_eps_0.0039.vnnlib,8.264816476,unsat,49.902473270
cifar100_tinyimagenet_resnet,./benchmarks/cifar100_tinyimagenet_resnet/onnx/CIFAR100_resnet_large.onnx,./benchmarks/cifar100_tinyimagenet_resnet/vnnlib/CIFAR100_resnet_large_prop_idx_5821_sidx_3711_eps_0.0039.vnnlib,8.247545326,unsat,50.759644477
cifar100_tinyimagenet_resnet,./benchmarks/cifar100_tinyimagenet_resnet/onnx/CIFAR100_resnet_large.onnx,./benchmarks/cifar100_tinyimagenet_resnet/vnnlib/CIFAR100_resnet_large_prop_idx_5152_sidx_5513_eps_0.0039.vnnlib,8.177986754,unsat,49.006546799
cifar100_tinyimagenet_resnet,./benchmarks/cifar100_tinyimagenet_resnet/onnx/CIFAR100_resnet_large.onnx,./benchmarks/cifar100_tinyimagenet_resnet/vnnlib/CIFAR100_resnet_large_prop_idx_8046_sidx_6661_eps_0.0039.vnnlib,8.229571674,unsat,51.555460497
cifar100_tinyimagenet_resnet,./benchmarks/cifar100_tinyimagenet_resnet/onnx/CIFAR100_resnet_large.onnx,./benchmarks/cifar100_tinyimagenet_resnet/vnnlib/CIFAR100_resnet_large_prop_idx_3339_sidx_6722_eps_0.0039.vnnlib,8.278844826,unsat,49.403681699
cifar100_tinyimagenet_resnet,./benchmarks/cifar100_tinyimagenet_resnet/onnx/CIFAR100_resnet_large.onnx,./benchmarks/cifar100_tinyimagenet_resnet/vnnlib/CIFAR100_resnet_large_prop_idx_2640_sidx_6925_eps_0.0039.vnnlib,8.384872557,unsat,49.692974688
cifar100_tinyimagenet_resnet,./benchmarks/cifar100_tinyimagenet_resnet/onnx/CIFAR100_resnet_large.onnx,./benchmarks/cifar100_tinyimagenet_resnet/vnnlib/CIFAR100_resnet_large_prop_idx_3668_sidx_8007_eps_0.0039.vnnlib,8.316484004,unsat,50.500289430
cifar100_tinyimagenet_resnet,./benchmarks/cifar100_tinyimagenet_resnet/onnx/CIFAR100_resnet_large.onnx,./benchmarks/cifar100_tinyimagenet_resnet/vnnlib/CIFAR100_resnet_large_prop_idx_2058_sidx_8233_eps_0.0039.vnnlib,8.304917155,unsat,49.474937353
cifar100_tinyimagenet_resnet,./benchmarks/cifar100_tinyimagenet_resnet/onnx/CIFAR100_resnet_large.onnx,./benchmarks/cifar100_tinyimagenet_resnet/vnnlib/CIFAR100_resnet_large_prop_idx_3111_sidx_8286_eps_0.0039.vnnlib,8.259259128,unsat,49.436822779
cifar100_tinyimagenet_resnet,./benchmarks/cifar100_tinyimagenet_resnet/onnx/CIFAR100_resnet_large.onnx,./benchmarks/cifar100_tinyimagenet_resnet/vnnlib/CIFAR100_resnet_large_prop_idx_1309_sidx_8525_eps_0.0039.vnnlib,8.266942202,unsat,49.975890921
cifar100_tinyimagenet_resnet,./benchmarks/cifar100_tinyimagenet_resnet/onnx/CIFAR100_resnet_large.onnx,./benchmarks/cifar100_tinyimagenet_resnet/vnnlib/CIFAR100_resnet_large_prop_idx_5818_sidx_8588_eps_0.0039.vnnlib,8.335616679,unsat,49.370118896
cifar100_tinyimagenet_resnet,./benchmarks/cifar100_tinyimagenet_resnet/onnx/CIFAR100_resnet_large.onnx,./benchmarks/cifar100_tinyimagenet_resnet/vnnlib/CIFAR100_resnet_large_prop_idx_9066_sidx_8737_eps_0.0039.vnnlib,8.258012533,unsat,50.526222661
cifar100_tinyimagenet_resnet,./benchmarks/cifar100_tinyimagenet_resnet/onnx/CIFAR100_resnet_large.onnx,./benchmarks/cifar100_tinyimagenet_resnet/vnnlib/CIFAR100_resnet_large_prop_idx_8662_sidx_8908_eps_0.0039.vnnlib,8.195399139,unsat,52.245118015
cifar100_tinyimagenet_resnet,./benchmarks/cifar100_tinyimagenet_resnet/onnx/CIFAR100_resnet_large.onnx,./benchmarks/cifar100_tinyimagenet_resnet/vnnlib/CIFAR100_resnet_large_prop_idx_1338_sidx_9158_eps_0.0039.vnnlib,8.276451789,unsat,49.199206334
cifar100_tinyimagenet_resnet,./benchmarks/cifar100_tinyimagenet_resnet/onnx/CIFAR100_resnet_large.onnx,./benchmarks/cifar100_tinyimagenet_resnet/vnnlib/CIFAR100_resnet_large_prop_idx_305_sidx_9849_eps_0.0039.vnnlib,8.255485965,unsat,49.676645386
cifar100_tinyimagenet_resnet,./benchmarks/cifar100_tinyimagenet_resnet/onnx/CIFAR100_resnet_super.onnx,./benchmarks/cifar100_tinyimagenet_resnet/vnnlib/CIFAR100_resnet_super_prop_idx_7764_sidx_254_eps_0.0039.vnnlib,8.524535145,unsat,39.418163128
cifar100_tinyimagenet_resnet,./benchmarks/cifar100_tinyimagenet_resnet/onnx/CIFAR100_resnet_super.onnx,./benchmarks/cifar100_tinyimagenet_resnet/vnnlib/CIFAR100_resnet_super_prop_idx_2398_sidx_444_eps_0.0039.vnnlib,8.694722395,unsat,39.696792399
cifar100_tinyimagenet_resnet,./benchmarks/cifar100_tinyimagenet_resnet/onnx/CIFAR100_resnet_super.onnx,./benchmarks/cifar100_tinyimagenet_resnet/vnnlib/CIFAR100_resnet_super_prop_idx_9132_sidx_1053_eps_0.0039.vnnlib,8.692103718,unsat,39.237469706
cifar100_tinyimagenet_resnet,./benchmarks/cifar100_tinyimagenet_resnet/onnx/CIFAR100_resnet_super.onnx,./benchmarks/cifar100_tinyimagenet_resnet/vnnlib/CIFAR100_resnet_super_prop_idx_5414_sidx_1938_eps_0.0039.vnnlib,8.700224851,unsat,39.600940574
cifar100_tinyimagenet_resnet,./benchmarks/cifar100_tinyimagenet_resnet/onnx/CIFAR100_resnet_super.onnx,./benchmarks/cifar100_tinyimagenet_resnet/vnnlib/CIFAR100_resnet_super_prop_idx_9934_sidx_2474_eps_0.0039.vnnlib,8.724737968,unsat,39.628221591
cifar100_tinyimagenet_resnet,./benchmarks/cifar100_tinyimagenet_resnet/onnx/CIFAR100_resnet_super.onnx,./benchmarks/cifar100_tinyimagenet_resnet/vnnlib/CIFAR100_resnet_super_prop_idx_1529_sidx_2706_eps_0.0039.vnnlib,8.666370149,unsat,39.627191942
cifar100_tinyimagenet_resnet,./benchmarks/cifar100_tinyimagenet_resnet/onnx/CIFAR100_resnet_super.onnx,./benchmarks/cifar100_tinyimagenet_resnet/vnnlib/CIFAR100_resnet_super_prop_idx_7477_sidx_2980_eps_0.0039.vnnlib,8.524207717,unsat,41.934301982
cifar100_tinyimagenet_resnet,./benchmarks/cifar100_tinyimagenet_resnet/onnx/CIFAR100_resnet_super.onnx,./benchmarks/cifar100_tinyimagenet_resnet/vnnlib/CIFAR100_resnet_super_prop_idx_8147_sidx_3000_eps_0.0039.vnnlib,8.743367733,unsat,39.791115035
cifar100_tinyimagenet_resnet,./benchmarks/cifar100_tinyimagenet_resnet/onnx/CIFAR100_resnet_super.onnx,./benchmarks/cifar100_tinyimagenet_resnet/vnnlib/CIFAR100_resnet_super_prop_idx_8237_sidx_3574_eps_0.0039.vnnlib,8.675851821,unsat,39.351071707
cifar100_tinyimagenet_resnet,./benchmarks/cifar100_tinyimagenet_resnet/onnx/CIFAR100_resnet_super.onnx,./benchmarks/cifar100_tinyimagenet_resnet/vnnlib/CIFAR100_resnet_super_prop_idx_319_sidx_4416_eps_0.0039.vnnlib,8.684101799,unsat,39.943084225
cifar100_tinyimagenet_resnet,./benchmarks/cifar100_tinyimagenet_resnet/onnx/CIFAR100_resnet_super.onnx,./benchmarks/cifar100_tinyimagenet_resnet/vnnlib/CIFAR100_resnet_super_prop_idx_9747_sidx_4976_eps_0.0039.vnnlib,8.751889715,unsat,39.498382246
cifar100_tinyimagenet_resnet,./benchmarks/cifar100_tinyimagenet_resnet/onnx/CIFAR100_resnet_super.onnx,./benchmarks/cifar100_tinyimagenet_resnet/vnnlib/CIFAR100_resnet_super_prop_idx_2954_sidx_6105_eps_0.0039.vnnlib,8.699617438,unsat,42.331775162
cifar100_tinyimagenet_resnet,./benchmarks/cifar100_tinyimagenet_resnet/onnx/CIFAR100_resnet_super.onnx,./benchmarks/cifar100_tinyimagenet_resnet/vnnlib/CIFAR100_resnet_super_prop_idx_2779_sidx_6416_eps_0.0039.vnnlib,8.686269538,unsat,39.889591005
cifar100_tinyimagenet_resnet,./benchmarks/cifar100_tinyimagenet_resnet/onnx/CIFAR100_resnet_super.onnx,./benchmarks/cifar100_tinyimagenet_resnet/vnnlib/CIFAR100_resnet_super_prop_idx_2157_sidx_8103_eps_0.0039.vnnlib,8.854045438,unsat,40.042105685
cifar100_tinyimagenet_resnet,./benchmarks/cifar100_tinyimagenet_resnet/onnx/CIFAR100_resnet_super.onnx,./benchmarks/cifar100_tinyimagenet_resnet/vnnlib/CIFAR100_resnet_super_prop_idx_788_sidx_9144_eps_0.0039.vnnlib,8.652508335,unsat,39.058712992
cifar100_tinyimagenet_resnet,./benchmarks/cifar100_tinyimagenet_resnet/onnx/CIFAR100_resnet_super.onnx,./benchmarks/cifar100_tinyimagenet_resnet/vnnlib/CIFAR100_resnet_super_prop_idx_9014_sidx_9195_eps_0.0039.vnnlib,8.685487062,unsat,41.275791167
cifar100_tinyimagenet_resnet,./benchmarks/cifar100_tinyimagenet_resnet/onnx/TinyImageNet_resnet_medium.onnx,./benchmarks/cifar100_tinyimagenet_resnet/vnnlib/TinyImageNet_resnet_medium_prop_idx_3688_sidx_720_eps_0.0039.vnnlib,27.030498103,unsat,109.906487910
cifar100_tinyimagenet_resnet,./benchmarks/cifar100_tinyimagenet_resnet/onnx/TinyImageNet_resnet_medium.onnx,./benchmarks/cifar100_tinyimagenet_resnet/vnnlib/TinyImageNet_resnet_medium_prop_idx_4183_sidx_730_eps_0.0039.vnnlib,27.092633301,unsat,107.261880240
cifar100_tinyimagenet_resnet,./benchmarks/cifar100_tinyimagenet_resnet/onnx/TinyImageNet_resnet_medium.onnx,./benchmarks/cifar100_tinyimagenet_resnet/vnnlib/TinyImageNet_resnet_medium_prop_idx_5164_sidx_1240_eps_0.0039.vnnlib,27.184622843,unsat,107.259879370
cifar100_tinyimagenet_resnet,./benchmarks/cifar100_tinyimagenet_resnet/onnx/TinyImageNet_resnet_medium.onnx,./benchmarks/cifar100_tinyimagenet_resnet/vnnlib/TinyImageNet_resnet_medium_prop_idx_126_sidx_1545_eps_0.0039.vnnlib,27.050130730,unsat,107.139489058
cifar100_tinyimagenet_resnet,./benchmarks/cifar100_tinyimagenet_resnet/onnx/TinyImageNet_resnet_medium.onnx,./benchmarks/cifar100_tinyimagenet_resnet/vnnlib/TinyImageNet_resnet_medium_prop_idx_8852_sidx_1630_eps_0.0039.vnnlib,26.920787506,unsat,108.130195621
cifar100_tinyimagenet_resnet,./benchmarks/cifar100_tinyimagenet_resnet/onnx/TinyImageNet_resnet_medium.onnx,./benchmarks/cifar100_tinyimagenet_resnet/vnnlib/TinyImageNet_resnet_medium_prop_idx_7479_sidx_2305_eps_0.0039.vnnlib,26.769977687,unsat,106.550201397
cifar100_tinyimagenet_resnet,./benchmarks/cifar100_tinyimagenet_resnet/onnx/TinyImageNet_resnet_medium.onnx,./benchmarks/cifar100_tinyimagenet_resnet/vnnlib/TinyImageNet_resnet_medium_prop_idx_6931_sidx_2337_eps_0.0039.vnnlib,26.941222360,unsat,106.555426148
cifar100_tinyimagenet_resnet,./benchmarks/cifar100_tinyimagenet_resnet/onnx/TinyImageNet_resnet_medium.onnx,./benchmarks/cifar100_tinyimagenet_resnet/vnnlib/TinyImageNet_resnet_medium_prop_idx_3754_sidx_2390_eps_0.0039.vnnlib,26.933753380,unsat,106.840401505
cifar100_tinyimagenet_resnet,./benchmarks/cifar100_tinyimagenet_resnet/onnx/TinyImageNet_resnet_medium.onnx,./benchmarks/cifar100_tinyimagenet_resnet/vnnlib/TinyImageNet_resnet_medium_prop_idx_6461_sidx_2771_eps_0.0039.vnnlib,27.167091029,unsat,107.548407869
cifar100_tinyimagenet_resnet,./benchmarks/cifar100_tinyimagenet_resnet/onnx/TinyImageNet_resnet_medium.onnx,./benchmarks/cifar100_tinyimagenet_resnet/vnnlib/TinyImageNet_resnet_medium_prop_idx_5093_sidx_3590_eps_0.0039.vnnlib,27.050289526,unsat,107.839170305
cifar100_tinyimagenet_resnet,./benchmarks/cifar100_tinyimagenet_resnet/onnx/TinyImageNet_resnet_medium.onnx,./benchmarks/cifar100_tinyimagenet_resnet/vnnlib/TinyImageNet_resnet_medium_prop_idx_4931_sidx_3891_eps_0.0039.vnnlib,26.803019828,unsat,108.705667056
cifar100_tinyimagenet_resnet,./benchmarks/cifar100_tinyimagenet_resnet/onnx/TinyImageNet_resnet_medium.onnx,./benchmarks/cifar100_tinyimagenet_resnet/vnnlib/TinyImageNet_resnet_medium_prop_idx_4464_sidx_4786_eps_0.0039.vnnlib,27.008458765,unsat,109.839172154
cifar100_tinyimagenet_resnet,./benchmarks/cifar100_tinyimagenet_resnet/onnx/TinyImageNet_resnet_medium.onnx,./benchmarks/cifar100_tinyimagenet_resnet/vnnlib/TinyImageNet_resnet_medium_prop_idx_8003_sidx_5044_eps_0.0039.vnnlib,26.963220322,unsat,107.222531693
cifar100_tinyimagenet_resnet,./benchmarks/cifar100_tinyimagenet_resnet/onnx/TinyImageNet_resnet_medium.onnx,./benchmarks/cifar100_tinyimagenet_resnet/vnnlib/TinyImageNet_resnet_medium_prop_idx_3243_sidx_5299_eps_0.0039.vnnlib,26.872754232,unsat,107.241900916
cifar100_tinyimagenet_resnet,./benchmarks/cifar100_tinyimagenet_resnet/onnx/TinyImageNet_resnet_medium.onnx,./benchmarks/cifar100_tinyimagenet_resnet/vnnlib/TinyImageNet_resnet_medium_prop_idx_270_sidx_5414_eps_0.0039.vnnlib,27.159341633,unsat,105.195482222
cifar100_tinyimagenet_resnet,./benchmarks/cifar100_tinyimagenet_resnet/onnx/TinyImageNet_resnet_medium.onnx,./benchmarks/cifar100_tinyimagenet_resnet/vnnlib/TinyImageNet_resnet_medium_prop_idx_7816_sidx_6053_eps_0.0039.vnnlib,27.407392908,unsat,101.310144944
cifar100_tinyimagenet_resnet,./benchmarks/cifar100_tinyimagenet_resnet/onnx/TinyImageNet_resnet_medium.onnx,./benchmarks/cifar100_tinyimagenet_resnet/vnnlib/TinyImageNet_resnet_medium_prop_idx_782_sidx_6135_eps_0.0039.vnnlib,27.079229461,unsat,100.201938234
cifar100_tinyimagenet_resnet,./benchmarks/cifar100_tinyimagenet_resnet/onnx/TinyImageNet_resnet_medium.onnx,./benchmarks/cifar100_tinyimagenet_resnet/vnnlib/TinyImageNet_resnet_medium_prop_idx_4087_sidx_6984_eps_0.0039.vnnlib,27.163525898,unsat,103.746189735
cifar100_tinyimagenet_resnet,./benchmarks/cifar100_tinyimagenet_resnet/onnx/TinyImageNet_resnet_medium.onnx,./benchmarks/cifar100_tinyimagenet_resnet/vnnlib/TinyImageNet_resnet_medium_prop_idx_8213_sidx_7868_eps_0.0039.vnnlib,26.930494097,unsat,107.940591858
cifar100_tinyimagenet_resnet,./benchmarks/cifar100_tinyimagenet_resnet/onnx/TinyImageNet_resnet_medium.onnx,./benchmarks/cifar100_tinyimagenet_resnet/vnnlib/TinyImageNet_resnet_medium_prop_idx_8482_sidx_8035_eps_0.0039.vnnlib,26.984977870,unsat,107.214990563
cifar100_tinyimagenet_resnet,./benchmarks/cifar100_tinyimagenet_resnet/onnx/TinyImageNet_resnet_medium.onnx,./benchmarks/cifar100_tinyimagenet_resnet/vnnlib/TinyImageNet_resnet_medium_prop_idx_1714_sidx_8876_eps_0.0039.vnnlib,26.384300466,unsat,107.645127137
cifar100_tinyimagenet_resnet,./benchmarks/cifar100_tinyimagenet_resnet/onnx/TinyImageNet_resnet_medium.onnx,./benchmarks/cifar100_tinyimagenet_resnet/vnnlib/TinyImageNet_resnet_medium_prop_idx_4866_sidx_9492_eps_0.0039.vnnlib,27.175430458,unsat,101.270571757
cifar100_tinyimagenet_resnet,./benchmarks/cifar100_tinyimagenet_resnet/onnx/TinyImageNet_resnet_medium.onnx,./benchmarks/cifar100_tinyimagenet_resnet/vnnlib/TinyImageNet_resnet_medium_prop_idx_1009_sidx_9780_eps_0.0039.vnnlib,26.973912829,unsat,104.140624832
cifar100_tinyimagenet_resnet,./benchmarks/cifar100_tinyimagenet_resnet/onnx/TinyImageNet_resnet_medium.onnx,./benchmarks/cifar100_tinyimagenet_resnet/vnnlib/TinyImageNet_resnet_medium_prop_idx_7542_sidx_9873_eps_0.0039.vnnlib,27.356399785,unsat,106.779658489
cifar100_tinyimagenet_resnet,./benchmarks/test/test_nano.onnx,./benchmarks/test/test_nano.vnnlib,1.282499121,unknown,1.436460020
